{
  "Component-dbg.js": 1599692216000,
  "controller/View1.controller.js": 1599692216000,
  "model/models.js": 1599692216000,
  "manifest.json": 1599777843173,
  "Component.js": 1599692216000,
  "manifest-bundle.zip": 1599777843018,
  "Component-preload.js": 1599777843154,
  "model/models-dbg.js": 1599692216000,
  "controller/View1-dbg.controller.js": 1599692216000,
  "i18n/i18n.properties": 1599692216000,
  "resources.json": 1599777843175,
  "view/View1.view.xml": 1599694102000,
  "css/style.css": 1599692216000,
  "index.html": 1599692216000
}